date,airsensor_moisture,airsensor_temperature,leafsensor_moisture
2021-08-11 13:00:00+00:00,28.626996000000002,36.949987,0.31665
2021-08-11 14:00:00+00:00,27.517486666666667,36.5766525,0.22041666666666668
2021-08-11 15:00:00+00:00,32.522486666666666,35.357485833333335,0.16008333333333333
2021-08-11 16:00:00+00:00,34.91999666666667,34.947495833333335,0.23075
2021-08-11 17:00:00+00:00,42.12582833333334,31.86666083333333,0.19008333333333335
2021-08-11 18:00:00+00:00,52.20332916666666,27.367486666666668,0.18883333333333333
2021-08-11 19:00:00+00:00,57.70831916666666,25.2091625,0.23316666666666666
2021-08-11 20:00:00+00:00,63.5474125,24.226653333333335,0.24108333333333332
2021-08-11 21:00:00+00:00,72.80998833333334,23.05915416666667,0.26891666666666664
2021-08-11 22:00:00+00:00,80.69997500000001,21.491663333333335,0.05683333333333334
2021-08-11 23:00:00+00:00,85.96856714285715,19.884265714285714,0.17300000000000001
2021-08-12 00:00:00+00:00,87.91832916666668,19.309155,0.333
2021-08-12 01:00:00+00:00,88.61914583333333,18.744159166666666,0.12766666666666668
2021-08-12 02:00:00+00:00,89.94499833333333,18.2824875,0.3243333333333333
2021-08-12 03:00:00+00:00,90.32165166666668,17.878329166666667,0.2910833333333333
2021-08-12 04:00:00+00:00,89.8758275,17.642496666666666,0.156
2021-08-12 05:00:00+00:00,86.61581333333334,18.086661666666668,0.1645
2021-08-12 06:00:00+00:00,74.15582833333333,21.026654166666667,0.13208333333333333
2021-08-12 07:00:00+00:00,56.785828333333335,25.49581166666667,0.2548333333333333
2021-08-12 08:00:00+00:00,46.54498666666667,28.474986666666666,0.26033333333333336
2021-08-12 09:00:00+00:00,41.32998583333333,31.37249,0.128
2021-08-12 10:00:00+00:00,39.33666,33.62666,0.04841666666666666
2021-08-12 11:00:00+00:00,36.88241166666666,34.782495000000004,0.31566666666666665
2021-08-12 12:00:00+00:00,33.2924875,36.80082,0.19625
2021-08-12 13:00:00+00:00,30.585829166666667,38.029162500000005,0.17241666666666666
2021-08-12 14:00:00+00:00,28.92998833333333,40.58582916666666,0.20683333333333334
2021-08-12 15:00:00+00:00,33.70999416666667,38.602494166666666,0.21633333333333335
2021-08-12 16:00:00+00:00,44.85999916666666,34.65082916666667,0.14633333333333334
2021-08-12 17:00:00+00:00,54.46666416666667,31.269162500000004,0.2025
2021-08-12 18:00:00+00:00,62.15916333333333,28.154165000000003,0.10091666666666665
2021-08-12 19:00:00+00:00,60.47082666666666,26.46749,0.24058333333333334
2021-08-12 20:00:00+00:00,68.43248416666667,25.235824166666664,0.28691666666666665
2021-08-12 21:00:00+00:00,79.01666250000001,24.341664166666664,0.17975
2021-08-12 22:00:00+00:00,83.39545181818181,23.96908818181818,0.203
2021-08-12 23:00:00+00:00,85.44163916666668,22.99166,0.18083333333333332
2021-08-13 00:00:00+00:00,87.018305,22.200820833333335,0.10975
2021-08-13 01:00:00+00:00,86.527495,21.41083,0.22624999999999998
2021-08-13 02:00:00+00:00,87.22998833333334,20.39665666666667,0.19183333333333333
2021-08-13 03:00:00+00:00,88.36332083333333,19.786662500000002,0.15841666666666668
2021-08-13 04:00:00+00:00,88.16083083333332,19.409995,0.17666666666666667
2021-08-13 05:00:00+00:00,85.24499666666667,19.107495833333335,0.2333333333333333
2021-08-13 06:00:00+00:00,74.36581083333333,22.299156666666665,0.19041666666666668
2021-08-13 07:00:00+00:00,55.020828333333334,26.621663333333334,0.11566666666666665
2021-08-13 08:00:00+00:00,48.83416,29.030829166666667,0.15216666666666667
2021-08-13 09:00:00+00:00,44.45833,31.089993333333336,0.17475
2021-08-13 10:00:00+00:00,39.25915666666667,33.198319166666664,0.19233333333333333
2021-08-13 11:00:00+00:00,37.48582916666667,34.5633225,0.19849999999999998
2021-08-13 12:00:00+00:00,31.411578333333335,36.5183275,0.26366666666666666
2021-08-13 13:00:00+00:00,33.689164166666664,36.921664166666666,0.1905
2021-08-13 14:00:00+00:00,32.63749333333333,37.44999833333333,0.19425
2021-08-13 15:00:00+00:00,35.30166333333333,36.994995833333334,0.12466666666666666
2021-08-13 16:00:00+00:00,42.293321666666664,34.72083,0.16241666666666668
2021-08-13 17:00:00+00:00,46.0858125,31.736663333333336,0.3060833333333333
2021-08-13 18:00:00+00:00,55.8833275,28.18083,0.2890833333333333
2021-08-13 19:00:00+00:00,62.90166083333333,26.409164166666667,0.12366666666666666
2021-08-13 20:00:00+00:00,68.81082666666667,25.623325833333336,0.16866666666666666
2021-08-13 21:00:00+00:00,73.92498666666667,25.029154166666668,0.16866666666666666
2021-08-13 22:00:00+00:00,80.79583000000001,23.54332666666667,0.22124999999999997
2021-08-13 23:00:00+00:00,84.2841625,22.468321666666668,0.2255
2021-08-14 00:00:00+00:00,88.28582166666666,21.743330833333335,0.10708333333333332
2021-08-14 01:00:00+00:00,90.4141475,21.3124875,0.11716666666666666
2021-08-14 02:00:00+00:00,90.68249333333334,20.7316625,0.15841666666666668
2021-08-14 03:00:00+00:00,91.38666083333334,20.2749925,0.20274999999999999
2021-08-14 04:00:00+00:00,92.13499583333333,20.369980833333333,0.12533333333333332
2021-08-14 05:00:00+00:00,90.79998916666666,20.622487500000002,0.23116666666666666
2021-08-14 06:00:00+00:00,79.5574975,22.976663333333335,0.31566666666666665
2021-08-14 07:00:00+00:00,63.98332583333333,26.876661666666667,0.20683333333333334
2021-08-14 08:00:00+00:00,53.3983225,30.197487499999998,0.22708333333333333
2021-08-14 09:00:00+00:00,46.67082166666666,32.5008225,0.26025000000000004
2021-08-14 10:00:00+00:00,41.0399975,35.03831833333333,0.15383333333333335
2021-08-14 11:00:00+00:00,38.259147500000005,35.818330833333334,0.19866666666666666
2021-08-14 12:00:00+00:00,33.56497916666667,38.271654166666664,0.2205
2021-08-14 13:00:00+00:00,34.301656666666666,39.834165,0.23658333333333334
2021-08-14 14:00:00+00:00,33.2083275,40.10249666666667,0.09349999999999999
2021-08-14 15:00:00+00:00,38.87323833333333,38.04582916666667,0.3243333333333333
2021-08-14 16:00:00+00:00,42.85083083333333,36.491663333333335,0.21533333333333335
2021-08-14 17:00:00+00:00,50.20582916666667,32.524161666666664,0.23116666666666666
2021-08-14 18:00:00+00:00,59.590830000000004,29.513320833333335,0.2511666666666667
2021-08-14 19:00:00+00:00,68.84747916666667,27.241654999999998,0.19899999999999998
2021-08-14 20:00:00+00:00,77.47907636363637,25.489065454545457,0.3004545454545454
2021-08-14 21:00:00+00:00,83.49749583333333,24.291654166666664,0.16216666666666665
2021-08-14 22:00:00+00:00,87.27666416666666,23.331662499999997,0.3199166666666667
2021-08-14 23:00:00+00:00,90.16999666666668,22.739163333333334,0.2534166666666667
2021-08-15 00:00:00+00:00,90.71831333333334,22.381645000000002,0.18433333333333332
2021-08-15 01:00:00+00:00,91.47907636363637,21.699086363636365,0.1636363636363636
2021-08-15 02:00:00+00:00,91.85915333333332,21.3366625,0.3110833333333333
2021-08-15 03:00:00+00:00,91.87415416666666,21.127480833333333,0.20258333333333334
2021-08-15 04:00:00+00:00,93.56582250000001,21.117496666666668,0.20658333333333334
2021-08-15 05:00:00+00:00,90.35915416666667,21.717495,0.22483333333333333
2021-08-15 06:00:00+00:00,80.632495,23.538319166666668,0.3263333333333333
2021-08-15 07:00:00+00:00,69.94749416666667,26.747497499999998,0.14575
2021-08-15 08:00:00+00:00,65.32248750000001,28.429995833333333,0.09758333333333334
2021-08-15 09:00:00+00:00,56.89332916666667,31.29999583333333,0.22075
2021-08-15 10:00:00+00:00,50.68749416666666,33.484995,0.15366666666666665
2021-08-15 11:00:00+00:00,41.712331666666664,36.57082833333333,0.38866666666666666
2021-08-15 12:00:00+00:00,34.97166,40.37833166666667,0.24125
2021-08-15 13:00:00+00:00,37.74915333333333,38.398245,0.30341666666666667
2021-08-15 14:00:00+00:00,45.82082833333334,33.964911666666666,0.22075
2021-08-15 15:00:00+00:00,56.39998916666667,30.5299875,0.11375
2021-08-15 16:00:00+00:00,45.27582666666667,34.165735833333336,0.207
2021-08-15 17:00:00+00:00,52.389915,31.745820833333337,0.25766666666666665
2021-08-15 18:00:00+00:00,59.60415416666667,28.699155833333336,0.3144166666666667
2021-08-15 19:00:00+00:00,59.29915916666667,26.559161666666668,0.26175
2021-08-15 20:00:00+00:00,65.10832916666666,25.01582666666667,0.23041666666666663
2021-08-15 21:00:00+00:00,71.05998666666666,23.935828333333333,0.2838333333333333
2021-08-15 22:00:00+00:00,76.05332750000001,23.523325833333335,0.20941666666666667
2021-08-15 23:00:00+00:00,76.00832000000001,23.384162500000002,0.42449999999999993
2021-08-16 00:00:00+00:00,73.5841625,23.292496666666665,0.23458333333333334
2021-08-16 01:00:00+00:00,73.61080416666667,23.127484999999997,0.07925
2021-08-16 02:00:00+00:00,75.1549875,22.614996666666666,0.1605
2021-08-16 03:00:00+00:00,79.87832916666666,22.343307499999998,0.21024999999999996
2021-08-16 04:00:00+00:00,78.99749666666666,22.0349775,0.15233333333333335
2021-08-16 05:00:00+00:00,72.92082833333333,21.644993333333332,0.23975
2021-08-16 06:00:00+00:00,69.81999666666667,21.970830833333334,0.28525
2021-08-16 07:00:00+00:00,68.64748666666667,23.33166,0.2315
2021-08-16 08:00:00+00:00,63.177487500000005,23.565828333333332,0.14608333333333334
2021-08-16 09:00:00+00:00,57.65082916666666,24.225828333333336,0.24908333333333332
2021-08-16 10:00:00+00:00,54.13416166666667,25.150828333333333,0.12566666666666668
2021-08-16 11:00:00+00:00,40.65998583333333,30.349994166666665,0.18833333333333332
2021-08-16 12:00:00+00:00,34.1666525,31.5174975,0.24533333333333332
2021-08-16 13:00:00+00:00,32.6483125,32.628328333333336,0.2030833333333333
2021-08-16 14:00:00+00:00,32.9874125,31.860745833333336,0.20725000000000002
2021-08-16 15:00:00+00:00,33.891645833333335,29.239153333333334,0.19499999999999998
2021-08-16 16:00:00+00:00,40.71832583333333,25.047495833333333,0.13775
2021-08-16 17:00:00+00:00,48.456655833333336,22.454979166666664,0.16825
2021-08-16 18:00:00+00:00,52.309994999999994,20.778320833333336,0.13758333333333334
2021-08-16 19:00:00+00:00,57.63332666666667,20.270813333333333,0.168
2021-08-16 20:00:00+00:00,58.59582833333334,19.638328333333334,0.10975
2021-08-16 21:00:00+00:00,61.7991575,19.367496666666668,0.122
2021-08-16 22:00:00+00:00,77.42747166666668,18.040830833333334,0.20099999999999998
2021-08-16 23:00:00+00:00,85.64498833333333,17.052486666666667,0.12583333333333332
2021-08-17 00:00:00+00:00,86.50166,16.938329166666666,0.16441666666666666
2021-08-17 01:00:00+00:00,87.53664666666667,16.619159166666666,0.20041666666666666
2021-08-17 02:00:00+00:00,88.57248,16.449994999999998,0.26491666666666663
2021-08-17 03:00:00+00:00,88.70331333333333,16.373330833333334,0.17675
2021-08-17 04:00:00+00:00,84.22082916666666,16.234993333333332,0.15041666666666667
2021-08-17 05:00:00+00:00,86.10582166666667,16.415813333333332,0.18383333333333332
2021-08-17 06:00:00+00:00,80.64082666666667,18.6408275,0.09349999999999999
2021-08-17 07:00:00+00:00,67.04582833333333,21.52082916666667,0.23466666666666666
2021-08-17 08:00:00+00:00,59.14666416666666,21.417484166666668,0.19641666666666668
2021-08-17 09:00:00+00:00,47.645829166666665,24.545820833333334,0.15175
2021-08-17 10:00:00+00:00,36.79166333333333,30.844993333333335,0.3681666666666667
2021-08-17 11:00:00+00:00,34.5299875,31.048321666666666,0.18075
2021-08-17 12:00:00+00:00,30.497497499999998,30.704985000000004,0.126
2021-08-17 13:00:00+00:00,31.4533275,30.188329166666666,0.217
2021-08-17 14:00:00+00:00,31.14499583333333,30.97333,0.12375000000000001
2021-08-17 15:00:00+00:00,36.504154166666666,28.153314166666664,0.17466666666666666
2021-08-17 16:00:00+00:00,42.13749583333333,25.149990833333334,0.20616666666666664
2021-08-17 17:00:00+00:00,46.11665083333333,22.39582,0.14425
2021-08-17 18:00:00+00:00,51.00330416666667,19.869978333333332,0.1585
2021-08-17 19:00:00+00:00,53.04665583333334,18.354985000000003,0.29575
2021-08-17 20:00:00+00:00,53.885820833333334,17.709161666666667,0.13383333333333333
2021-08-17 21:00:00+00:00,59.174145833333334,17.79666166666667,0.13608333333333333
2021-08-17 22:00:00+00:00,59.68249333333333,17.768326666666667,0.28358333333333335
2021-08-17 23:00:00+00:00,61.80416333333333,17.6608275,0.27116666666666667
2021-08-18 00:00:00+00:00,62.829161666666664,17.295828333333333,0.32641666666666663
2021-08-18 01:00:00+00:00,63.672486666666664,17.045820833333334,0.15433333333333332
2021-08-18 02:00:00+00:00,66.30582833333334,16.68666166666667,0.12808333333333333
2021-08-18 03:00:00+00:00,65.1899875,16.652495833333333,0.13208333333333333
2021-08-18 04:00:00+00:00,69.97998750000001,16.214155833333333,0.16366666666666665
2021-08-18 05:00:00+00:00,68.78415583333334,16.49583,0.16174999999999998
2021-08-18 06:00:00+00:00,70.7258125,17.434995,0.08133333333333333
2021-08-18 07:00:00+00:00,66.174145,18.40832,0.1925
2021-08-18 08:00:00+00:00,59.90582,19.968329166666667,0.27191666666666664
2021-08-18 09:00:00+00:00,43.08907083333333,26.165823333333332,0.18241666666666667
2021-08-18 10:00:00+00:00,40.36581916666667,27.064139166666667,0.08325
2021-08-18 11:00:00+00:00,38.06249666666667,28.6216625,0.14016666666666666
2021-08-18 12:00:00+00:00,34.0408225,31.046661666666665,0.22341666666666668
2021-08-18 13:00:00+00:00,34.093996,31.645994,0.3988
2021-08-18 14:00:00+00:00,37.611648333333335,31.20998,0.2071666666666667
2021-08-18 15:00:00+00:00,39.29665666666667,30.291661666666666,0.14183333333333334
2021-08-18 16:00:00+00:00,43.047493333333335,28.22998,0.27141666666666664
2021-08-18 17:00:00+00:00,49.634905,24.54083,0.2145
2021-08-18 18:00:00+00:00,56.40749666666667,20.974996666666666,0.1415833333333333
2021-08-18 19:00:00+00:00,67.4808225,18.604164166666667,0.15791666666666668
2021-08-18 20:00:00+00:00,70.94285571428573,18.571425714285713,0.19785714285714287
2021-08-18 21:00:00+00:00,70.12666333333334,18.515,0.24683333333333335
2021-08-18 22:00:00+00:00,71.9441525,18.4024875,0.12758333333333333
2021-08-18 23:00:00+00:00,74.39248166666667,17.80333,0.14966666666666667
2021-08-19 00:00:00+00:00,77.10249416666667,17.505830833333334,0.19625
2021-08-19 01:00:00+00:00,78.05999666666666,17.4433275,0.17058333333333334
2021-08-19 02:00:00+00:00,77.28164666666667,17.621661666666665,0.17433333333333334
2021-08-19 03:00:00+00:00,76.48416250000001,17.5583275,0.2031666666666667
2021-08-19 04:00:00+00:00,79.15332500000001,17.109155833333332,0.2816666666666667
2021-08-19 05:00:00+00:00,81.54248750000001,17.114155,0.17683333333333331
2021-08-19 06:00:00+00:00,76.1216625,18.4533275,0.2718333333333333
2021-08-19 07:00:00+00:00,66.7083175,21.177495833333335,0.08708333333333333
2021-08-19 08:00:00+00:00,59.02246416666667,23.24166166666667,0.154
2021-08-19 09:00:00+00:00,45.8566475,27.18915416666667,0.14416666666666667
2021-08-19 10:00:00+00:00,42.6708275,28.053320833333334,0.21908333333333332
2021-08-19 11:00:00+00:00,41.2033275,30.16416166666667,0.3030833333333333
2021-08-19 12:00:00+00:00,38.52332166666667,31.52906833333333,0.18791666666666665
2021-08-19 13:00:00+00:00,35.89666166666667,31.837487499999998,0.26733333333333337
2021-08-19 14:00:00+00:00,37.50916,30.983319166666664,0.1708333333333333
2021-08-19 15:00:00+00:00,39.66748666666667,29.296652499999997,0.21424999999999997
2021-08-19 16:00:00+00:00,39.770828333333334,29.180819166666666,0.34775
2021-08-19 17:00:00+00:00,48.0349875,26.725828333333336,0.20683333333333334
2021-08-19 18:00:00+00:00,59.90416083333333,22.307495,0.16166666666666665
2021-08-19 19:00:00+00:00,63.80249666666666,21.0066625,0.28341666666666665
2021-08-19 20:00:00+00:00,67.53416,20.174986666666666,0.14525
2021-08-19 21:00:00+00:00,71.28081999999999,19.161662500000002,0.10775
2021-08-19 22:00:00+00:00,72.28582,19.059163333333334,0.2816666666666667
2021-08-19 23:00:00+00:00,76.32083083333333,18.435821666666666,0.251
2021-08-20 00:00:00+00:00,80.03413583333334,17.30333166666667,0.24883333333333332
2021-08-20 01:00:00+00:00,88.49748833333332,16.544995,0.14358333333333334
2021-08-20 02:00:00+00:00,88.60832,15.959995833333332,0.1645
2021-08-20 03:00:00+00:00,91.37998916666668,15.746663333333332,0.17883333333333332
2021-08-20 04:00:00+00:00,91.75748750000001,15.86833,0.20491666666666666
2021-08-20 05:00:00+00:00,90.70915416666666,16.421655833333332,0.17608333333333334
2021-08-20 06:00:00+00:00,83.81081999999999,18.560818333333334,0.24308333333333332
2021-08-20 07:00:00+00:00,70.24916,21.815830000000002,0.18400000000000002
2021-08-20 08:00:00+00:00,55.174145833333334,25.52166166666667,0.20883333333333334
2021-08-20 09:00:00+00:00,51.23497333333333,27.489160833333333,0.16625
2021-08-20 10:00:00+00:00,49.38658083333333,29.292485833333334,0.10508333333333332
2021-08-20 11:00:00+00:00,42.769155000000005,30.649998333333333,0.16808333333333333
2021-08-20 12:00:00+00:00,34.2657375,32.40582916666667,0.2856666666666667
2021-08-20 13:00:00+00:00,35.97573833333333,32.7615725,0.26366666666666666
2021-08-20 14:00:00+00:00,35.49333,33.061645,0.247
2021-08-20 15:00:00+00:00,39.331651666666666,32.0166625,0.20824999999999996
2021-08-20 16:00:00+00:00,41.175828333333335,31.248329166666668,0.2575
2021-08-20 17:00:00+00:00,50.44582833333333,27.446656666666666,0.22108333333333333
2021-08-20 18:00:00+00:00,59.899993333333335,23.011660833333334,0.11716666666666668
2021-08-20 19:00:00+00:00,67.16998833333334,21.404153333333337,0.085
2021-08-20 20:00:00+00:00,71.03332916666666,20.574994999999998,0.11483333333333333
2021-08-20 21:00:00+00:00,77.13749333333334,19.734146666666668,0.18033333333333335
2021-08-20 22:00:00+00:00,82.62415083333333,18.4799975,0.154
2021-08-20 23:00:00+00:00,87.394965,17.709161666666667,0.13816666666666666
2021-08-21 00:00:00+00:00,89.58666,17.196664166666668,0.22108333333333333
2021-08-21 01:00:00+00:00,87.97997916666667,16.429153333333335,0.21824999999999997
2021-08-21 02:00:00+00:00,88.61248833333333,15.768329166666668,0.15633333333333332
2021-08-21 03:00:00+00:00,91.00246416666668,15.381661666666666,0.22091666666666665
2021-08-21 04:00:00+00:00,91.11581916666667,15.403294166666667,0.19141666666666668
2021-08-21 05:00:00+00:00,91.45999333333333,15.64832,0.20458333333333334
2021-08-21 06:00:00+00:00,81.6966525,18.334995833333334,0.32625
2021-08-21 07:00:00+00:00,64.97749333333333,22.832495833333336,0.22516666666666665
2021-08-21 08:00:00+00:00,54.6699975,26.364996666666666,0.287
2021-08-21 09:00:00+00:00,52.13082833333333,28.398325,0.12591666666666668
2021-08-21 10:00:00+00:00,48.279988333333336,29.629988333333333,0.24741666666666665
2021-08-21 11:00:00+00:00,46.624155,30.9199875,0.23858333333333334
2021-08-21 12:00:00+00:00,40.584987500000004,34.2240625,0.15991666666666668
2021-08-21 13:00:00+00:00,39.211663333333334,34.3424925,0.18466666666666667
2021-08-21 14:00:00+00:00,36.047495,33.1416625,0.06674999999999999
2021-08-21 15:00:00+00:00,37.67982166666667,32.1741625,0.19674999999999998
2021-08-21 16:00:00+00:00,39.97249583333333,30.752494166666665,0.15175
2021-08-21 17:00:00+00:00,44.52916416666667,28.8366625,0.16366666666666665
2021-08-21 18:00:00+00:00,51.007486666666665,25.067488333333333,0.289
2021-08-21 19:00:00+00:00,58.64083083333333,22.92833,0.15233333333333335
2021-08-21 20:00:00+00:00,61.964978333333335,21.81332666666667,0.166
2021-08-21 21:00:00+00:00,70.64499666666667,20.729161666666666,0.22558333333333333
2021-08-21 22:00:00+00:00,74.91748833333334,20.219995,0.09691666666666666
2021-08-21 23:00:00+00:00,80.98832916666667,20.214163333333335,0.19383333333333333
2021-08-22 00:00:00+00:00,85.06748666666667,19.88833,0.1275
2021-08-22 01:00:00+00:00,84.38333083333333,19.174985,0.15733333333333333
2021-08-22 02:00:00+00:00,88.56081166666667,18.66082916666667,0.15141666666666667
2021-08-22 03:00:00+00:00,92.2508275,18.311664166666667,0.16566666666666666
2021-08-22 04:00:00+00:00,92.29666166666668,18.427494166666666,0.1605
2021-08-22 05:00:00+00:00,92.36416166666667,18.442495,0.24125
2021-08-22 06:00:00+00:00,90.0291325,19.828326666666666,0.11175
2021-08-22 07:00:00+00:00,81.60499083333333,22.308330833333333,0.17266666666666666
2021-08-22 08:00:00+00:00,70.80914666666666,25.05416083333333,0.1945
2021-08-22 09:00:00+00:00,57.61074666666667,29.474991666666668,0.2975833333333333
2021-08-22 10:00:00+00:00,54.759996666666666,30.73082666666667,0.15041666666666667
2021-08-22 11:00:00+00:00,54.729080833333335,29.10498,0.2253333333333333
2021-08-22 12:00:00+00:00,65.45898700000001,25.226986,0.09509999999999999
2021-08-22 13:00:00+00:00,64.62248666666666,25.696659999999998,0.287
2021-08-22 14:00:00+00:00,62.37249666666667,26.196654166666665,0.23550000000000001
2021-08-22 15:00:00+00:00,62.146664166666675,23.919996666666666,0.19066666666666665
2021-08-22 16:00:00+00:00,67.15454363636364,21.894155,0.24491666666666667
2021-08-22 17:00:00+00:00,65.24583083333333,21.3058225,0.22691666666666666
2021-08-22 18:00:00+00:00,67.48916333333334,19.826655,0.14633333333333334
2021-08-22 19:00:00+00:00,66.34166083333334,18.779163333333333,0.17141666666666666
2021-08-22 20:00:00+00:00,61.84749583333333,18.923326666666664,0.21475
2021-08-22 21:00:00+00:00,71.43832916666666,18.132495833333333,0.20658333333333334
2021-08-22 22:00:00+00:00,71.81666166666666,17.571665,0.17025
2021-08-22 23:00:00+00:00,65.81665416666667,18.123305,0.21908333333333332
2021-08-23 00:00:00+00:00,65.427964,18.116235,0.18790909090909091
2021-08-23 01:00:00+00:00,68.74582083333333,17.288329166666667,0.14975
2021-08-23 02:00:00+00:00,74.23581583333333,16.49499833333333,0.18633333333333332
2021-08-23 03:00:00+00:00,81.66916333333334,15.24582,0.21308333333333332
2021-08-23 04:00:00+00:00,87.17248833333333,14.726663333333335,0.18391666666666664
2021-08-23 05:00:00+00:00,90.22915416666667,14.693321666666668,0.33775
2021-08-23 06:00:00+00:00,79.11332916666667,18.199145,0.1545
2021-08-23 07:00:00+00:00,57.1924875,23.514161666666666,0.11575
2021-08-23 08:00:00+00:00,45.99666083333333,26.113320833333333,0.18475
2021-08-23 09:00:00+00:00,41.27666333333333,27.606648333333336,0.12733333333333333
2021-08-23 10:00:00+00:00,39.01583,28.219995833333332,0.14008333333333334
2021-08-23 11:00:00+00:00,39.39083,29.345813333333336,0.09349999999999999
2021-08-23 12:00:00+00:00,40.69832916666667,29.275828333333333,0.14016666666666666
2021-08-23 13:00:00+00:00,44.78499583333333,27.07416166666667,0.19825
2021-08-23 14:00:00+00:00,50.30657583333333,24.155829166666667,0.23316666666666666
2021-08-23 15:00:00+00:00,53.14915333333334,23.654160833333332,0.16191666666666668
2021-08-23 16:00:00+00:00,56.00416416666667,22.903329166666666,0.18825
2021-08-23 17:00:00+00:00,60.99832,20.967494166666665,0.3016666666666667
2021-08-23 18:00:00+00:00,67.86248833333333,18.9124975,0.16183333333333333
2021-08-23 19:00:00+00:00,71.62831916666666,17.905818333333333,0.1685
2021-08-23 20:00:00+00:00,77.76581750000001,16.713327500000002,0.18375
2021-08-23 21:00:00+00:00,79.58999916666667,16.423328333333334,0.27125
2021-08-23 22:00:00+00:00,82.319995,16.011654166666666,0.25025000000000003
2021-08-23 23:00:00+00:00,85.68166416666668,15.47416,0.2544166666666667
2021-08-24 00:00:00+00:00,87.0133275,15.270828333333334,0.18216666666666667
2021-08-24 01:00:00+00:00,86.05499666666667,15.41833,0.16358333333333333
2021-08-24 02:00:00+00:00,84.77416166666667,15.651661666666667,0.09483333333333333
2021-08-24 03:00:00+00:00,83.87997750000001,15.896654166666666,0.2714166666666667
2021-08-24 04:00:00+00:00,80.31332833333333,16.211655,0.12966666666666668
2021-08-24 05:00:00+00:00,80.26082166666667,15.574995000000001,0.2315
2021-08-24 06:00:00+00:00,72.6966625,17.114146666666667,0.18899999999999997
2021-08-24 07:00:00+00:00,64.30082666666667,18.906654166666666,0.18441666666666667
2021-08-24 08:00:00+00:00,56.67499333333333,21.464987500000003,0.19299999999999998
2021-08-24 09:00:00+00:00,53.10249666666667,22.773321666666664,0.15441666666666667
2021-08-24 10:00:00+00:00,52.57832916666666,23.43999666666667,0.25925
2021-08-24 11:00:00+00:00,48.951665,24.577488333333335,0.14566666666666667
2021-08-24 12:00:00+00:00,44.81249333333333,26.006654166666667,0.23525
2021-08-24 13:00:00+00:00,46.280746666666666,25.604990833333332,0.2773333333333333
2021-08-24 14:00:00+00:00,45.8591575,25.41582,0.19383333333333333
2021-08-24 15:00:00+00:00,50.05165333333333,22.928330000000003,0.18608333333333335
2021-08-24 16:00:00+00:00,51.75416166666667,21.930819166666666,0.2595
2021-08-24 17:00:00+00:00,60.584987500000004,19.130820833333335,0.15583333333333332
2021-08-24 18:00:00+00:00,62.96249,18.183321666666668,0.1605
2021-08-24 19:00:00+00:00,64.70833,17.746663333333334,0.18299999999999997
2021-08-24 20:00:00+00:00,66.62249583333333,17.50583,0.22883333333333333
2021-08-24 21:00:00+00:00,67.18831916666667,17.4199975,0.12391666666666667
2021-08-24 22:00:00+00:00,72.54082833333334,16.5408275,0.16225
2021-08-24 23:00:00+00:00,76.57248083333333,15.894985,0.23683333333333334
2021-08-25 00:00:00+00:00,76.81082083333334,15.465825833333334,0.17400000000000002
2021-08-25 01:00:00+00:00,78.05749416666667,15.302496666666665,0.14633333333333334
2021-08-25 02:00:00+00:00,77.92665416666667,15.284161666666668,0.18075
2021-08-25 03:00:00+00:00,76.30582,15.304158333333334,0.09133333333333334
2021-08-25 04:00:00+00:00,76.49748666666666,15.205828333333335,0.19833333333333333
2021-08-25 05:00:00+00:00,77.40748833333333,15.293327499999998,0.16616666666666666
2021-08-25 06:00:00+00:00,75.634165,16.054986666666668,0.168
2021-08-25 07:00:00+00:00,74.12415416666667,16.67833,0.14833333333333334
2021-08-25 08:00:00+00:00,70.73916416666667,17.70248833333333,0.23850000000000002
2021-08-25 09:00:00+00:00,67.922495,19.229995833333334,0.27425
2021-08-25 10:00:00+00:00,60.356654999999996,20.938321666666667,0.13416666666666666
2021-08-25 11:00:00+00:00,61.122494999999994,20.437495000000002,0.24416666666666664
2021-08-25 12:00:00+00:00,56.07998666666666,22.25582916666667,0.21891666666666665
2021-08-25 13:00:00+00:00,55.93747,22.819165,0.39425
2021-08-25 14:00:00+00:00,54.77332166666667,23.019161666666665,0.22766666666666668
2021-08-25 15:00:00+00:00,49.60499333333333,24.6649875,0.17408333333333334
2021-08-25 16:00:00+00:00,55.77083083333333,21.8124875,0.14375
2021-08-25 17:00:00+00:00,59.18665416666666,19.97999666666667,0.23891666666666667
2021-08-25 18:00:00+00:00,69.41583083333335,17.535820833333332,0.20466666666666666
2021-08-25 19:00:00+00:00,77.9199775,15.707495833333333,0.168
2021-08-25 20:00:00+00:00,81.7299925,15.184161666666668,0.27316666666666667
2021-08-25 21:00:00+00:00,87.35999666666667,14.056655,0.14008333333333334
2021-08-25 22:00:00+00:00,89.11583,13.50833,0.15816666666666665
2021-08-25 23:00:00+00:00,91.33749583333334,13.156651666666667,0.22341666666666668
2021-08-26 00:00:00+00:00,92.2433125,12.692495000000001,0.15108333333333332
2021-08-26 01:00:00+00:00,93.33831249999999,12.351660833333334,0.259
2021-08-26 02:00:00+00:00,93.51833166666667,12.298313333333333,0.298
2021-08-26 03:00:00+00:00,93.888305,11.97498,0.05216666666666667
2021-08-26 04:00:00+00:00,94.72582166666666,11.687495,0.26516666666666666
2021-08-26 05:00:00+00:00,94.25666083333334,11.989994166666667,0.2315
2021-08-26 06:00:00+00:00,88.33665416666668,14.520811666666667,0.40475
2021-08-26 07:00:00+00:00,71.67999666666667,18.8858225,0.11166666666666668
2021-08-26 08:00:00+00:00,56.31332166666667,23.77248916666667,0.21466666666666667
2021-08-26 09:00:00+00:00,53.69249583333333,25.799989166666666,0.18641666666666667
2021-08-26 10:00:00+00:00,52.62082,26.639995833333334,0.08941666666666666
2021-08-26 11:00:00+00:00,46.3399875,28.151660000000003,0.09758333333333334
2021-08-26 12:00:00+00:00,39.86241416666667,30.525818333333333,0.08125
2021-08-26 13:00:00+00:00,40.08915833333334,30.788313333333335,0.22666666666666666
2021-08-26 14:00:00+00:00,41.7266625,30.088318333333333,0.26558333333333334
2021-08-26 15:00:00+00:00,44.090737499999996,27.945825,0.19258333333333333
2021-08-26 16:00:00+00:00,49.929995,23.77333,0.14375000000000002
2021-08-26 17:00:00+00:00,54.162479166666664,21.664155833333336,0.23316666666666666
2021-08-26 18:00:00+00:00,59.85241166666666,19.597493333333333,0.21624999999999997
2021-08-26 19:00:00+00:00,59.91166333333334,18.50083,0.063
2021-08-26 20:00:00+00:00,54.370821666666664,17.9791625,0.09316666666666666
2021-08-26 21:00:00+00:00,62.74915333333333,17.266659999999998,0.3075833333333333
2021-08-26 22:00:00+00:00,66.40249666666666,16.98082833333333,0.18483333333333332
2021-08-26 23:00:00+00:00,74.04998916666666,15.6291625,0.08333333333333333
2021-08-27 00:00:00+00:00,79.38083083333333,14.129994166666668,0.2185
2021-08-27 01:00:00+00:00,82.22499666666667,13.666662500000001,0.15166666666666667
2021-08-27 02:00:00+00:00,78.66249333333333,14.1574975,0.09925
2021-08-27 03:00:00+00:00,78.02832916666667,14.523328333333334,0.11375
2021-08-27 04:00:00+00:00,80.09998666666667,13.876653333333332,0.18200000000000002
2021-08-27 05:00:00+00:00,75.96832083333334,14.10833,0.07516666666666667
2021-08-27 06:00:00+00:00,68.9524875,15.662495833333333,0.26116666666666666
2021-08-27 07:00:00+00:00,64.88998500000001,17.664163333333335,0.22391666666666665
2021-08-27 08:00:00+00:00,50.72832,22.419980833333337,0.12566666666666668
2021-08-27 09:00:00+00:00,41.54916166666667,25.69832,0.10775
2021-08-27 10:00:00+00:00,37.094995000000004,27.440820833333333,0.27341666666666664
2021-08-27 11:00:00+00:00,33.20748833333334,27.789995833333332,0.17899999999999996
2021-08-27 12:00:00+00:00,36.69249583333333,27.4341525,0.23266666666666666
2021-08-27 13:00:00+00:00,35.871654166666666,27.869161666666667,0.22058333333333333
2021-08-27 14:00:00+00:00,35.275821666666666,28.660819166666666,0.06908333333333333
2021-08-27 15:00:00+00:00,41.265746666666665,24.069992499999998,0.27058333333333334
2021-08-27 16:00:00+00:00,43.71082166666667,22.854996666666665,0.1980833333333333
2021-08-27 17:00:00+00:00,49.148305,20.517489166666667,0.171
2021-08-27 18:00:00+00:00,58.246655833333335,17.89249416666667,0.19866666666666666
2021-08-27 19:00:00+00:00,58.34999416666667,16.5783275,0.21316666666666664
2021-08-27 20:00:00+00:00,59.58166333333333,15.8474875,0.13175
2021-08-27 21:00:00+00:00,64.85164583333334,14.863320833333333,0.12991666666666665
2021-08-27 22:00:00+00:00,68.21583083333333,13.756660833333333,0.33758333333333335
2021-08-27 23:00:00+00:00,73.01249750000001,12.707495833333333,0.24258333333333335
2021-08-28 00:00:00+00:00,79.61832083333333,11.832485833333335,0.21075
2021-08-28 01:00:00+00:00,82.69666333333333,11.317495833333334,0.2531666666666667
2021-08-28 02:00:00+00:00,84.77999750000001,11.152486666666666,0.18383333333333332
2021-08-28 03:00:00+00:00,86.82582166666667,10.504161666666667,0.23566666666666666
2021-08-28 04:00:00+00:00,90.21749833333332,9.743328333333332,0.15841666666666668
2021-08-28 05:00:00+00:00,92.03998083333333,10.050828333333333,0.15841666666666668
2021-08-28 06:00:00+00:00,82.77582,13.700830833333333,0.17166666666666666
2021-08-28 07:00:00+00:00,60.55248916666667,19.483320000000003,0.2876666666666667
2021-08-28 08:00:00+00:00,47.68498833333334,23.879155,0.20274999999999999
2021-08-28 09:00:00+00:00,41.35915333333333,25.946662500000002,0.19849999999999998
2021-08-28 10:00:00+00:00,38.387415833333336,26.97832083333333,0.19066666666666665
2021-08-28 11:00:00+00:00,36.955819999999996,27.999997500000003,0.17800000000000002
2021-08-28 12:00:00+00:00,37.713320833333334,27.2524875,0.16216666666666665
2021-08-28 13:00:00+00:00,37.6549125,27.001648333333335,0.13341666666666666
2021-08-28 14:00:00+00:00,39.08331666666667,26.325819166666665,0.17425000000000002
2021-08-28 15:00:00+00:00,46.519980000000004,22.571663333333333,0.11775000000000001
2021-08-28 16:00:00+00:00,49.967488333333336,20.933326666666666,0.18491666666666665
2021-08-28 17:00:00+00:00,54.87499416666666,19.149986666666667,0.23124999999999998
2021-08-28 18:00:00+00:00,59.922495,17.699163333333335,0.13808333333333334
2021-08-28 19:00:00+00:00,68.04914833333333,16.8066625,0.18908333333333335
2021-08-28 20:00:00+00:00,73.15083,15.852496666666667,0.22275
2021-08-28 21:00:00+00:00,74.78914666666667,15.658329166666666,0.11141666666666666
2021-08-28 22:00:00+00:00,76.21082666666668,15.378330833333335,0.19625
2021-08-28 23:00:00+00:00,78.97416333333334,15.050831666666667,0.14008333333333334
2021-08-29 00:00:00+00:00,81.8158275,14.704164166666667,0.07508333333333334
2021-08-29 01:00:00+00:00,86.12499166666667,13.528329166666667,0.20108333333333336
2021-08-29 02:00:00+00:00,90.09832833333333,13.5008275,0.28958333333333336
2021-08-29 03:00:00+00:00,88.48914666666667,13.410831666666667,0.08533333333333333
2021-08-29 04:00:00+00:00,91.06416166666668,12.640830000000001,0.23124999999999998
2021-08-29 05:00:00+00:00,92.58166,12.349979166666666,0.2105
2021-08-29 06:00:00+00:00,85.04249583333333,15.444154166666666,0.24325
2021-08-29 07:00:00+00:00,62.27666166666666,20.627486666666666,0.26466666666666666
2021-08-29 08:00:00+00:00,51.89913583333333,22.833330833333335,0.24949999999999997
2021-08-29 09:00:00+00:00,48.241661666666666,24.143320833333334,0.22441666666666668
2021-08-29 10:00:00+00:00,48.594995833333336,23.229996666666665,0.21683333333333332
2021-08-29 11:00:00+00:00,55.56749583333333,22.086661666666668,0.2798333333333333
2021-08-29 12:00:00+00:00,57.87582833333334,21.264994166666668,0.10966666666666668
2021-08-29 13:00:00+00:00,50.40166,24.104985,0.09308333333333334
2021-08-29 14:00:00+00:00,51.06332166666667,23.36832916666667,0.25225000000000003
2021-08-29 15:00:00+00:00,57.286660833333336,21.107496666666666,0.1645
2021-08-29 16:00:00+00:00,62.956655000000005,19.926659166666667,0.20916666666666664
2021-08-29 17:00:00+00:00,65.13166,18.942494999999997,0.23291666666666666
2021-08-29 18:00:00+00:00,71.34166083333334,17.154995,0.3160833333333333
2021-08-29 19:00:00+00:00,77.53331916666667,15.389993333333335,0.145
2021-08-29 20:00:00+00:00,77.18249416666667,15.399994166666666,0.13516666666666666
2021-08-29 21:00:00+00:00,79.65665333333334,15.524165000000002,0.16241666666666668
2021-08-29 22:00:00+00:00,82.55748,15.099163333333335,0.168
2021-08-29 23:00:00+00:00,82.98333083333334,14.754163333333333,0.36474999999999996
2021-08-30 00:00:00+00:00,86.21916333333333,13.699163333333333,0.20325000000000001
2021-08-30 01:00:00+00:00,90.0924975,13.224155000000001,0.15041666666666667
2021-08-30 02:00:00+00:00,90.81997833333332,12.434993333333333,0.1435833333333333
2021-08-30 03:00:00+00:00,91.57248833333334,11.850821666666667,0.16008333333333333
2021-08-30 04:00:00+00:00,94.33914499999999,11.763330000000002,0.05883333333333333
2021-08-30 05:00:00+00:00,94.81165499999999,12.170818333333335,0.23891666666666667
2021-08-30 06:00:00+00:00,88.64499416666666,14.645829999999998,0.27525
2021-08-30 07:00:00+00:00,68.702465,19.088330000000003,0.12591666666666665
2021-08-30 08:00:00+00:00,48.024162499999996,24.887495833333332,0.284
2021-08-30 09:00:00+00:00,44.33747333333333,26.64582916666667,0.16216666666666665
2021-08-30 10:00:00+00:00,43.805825,26.99665416666667,0.20925000000000002
2021-08-30 11:00:00+00:00,42.82248083333334,28.199996666666667,0.2509166666666667
2021-08-30 12:00:00+00:00,40.75998666666667,29.619986666666666,0.1688333333333333
2021-08-30 13:00:00+00:00,38.76582833333333,28.997498333333336,0.19258333333333333
2021-08-30 14:00:00+00:00,41.031644166666666,27.57915416666667,0.19883333333333333
2021-08-30 15:00:00+00:00,43.625820833333336,25.759987499999998,0.32066666666666666
2021-08-30 16:00:00+00:00,44.5966625,24.5316625,0.19258333333333333
2021-08-30 17:00:00+00:00,55.94907,20.181653333333333,0.11175
2021-08-30 18:00:00+00:00,58.707495,18.0558275,0.30283333333333334
2021-08-30 19:00:00+00:00,65.80915416666666,16.734995833333333,0.1990833333333333
2021-08-30 20:00:00+00:00,74.4049725,15.817496666666665,0.19441666666666668
2021-08-30 21:00:00+00:00,80.78582916666666,14.771661666666667,0.2515
2021-08-30 22:00:00+00:00,84.91415333333333,14.247485833333334,0.24458333333333335
2021-08-30 23:00:00+00:00,87.84832333333333,13.7649925,0.24125
2021-08-31 00:00:00+00:00,89.56832166666668,13.351651666666667,0.26158333333333333
2021-08-31 01:00:00+00:00,90.52166166666666,13.2649975,0.13808333333333334
2021-08-31 02:00:00+00:00,91.5124775,13.332455833333334,0.18883333333333333
2021-08-31 03:00:00+00:00,90.78415416666667,13.19583,0.10149999999999999
2021-08-31 04:00:00+00:00,90.56165416666666,13.789981666666668,0.21058333333333334
2021-08-31 05:00:00+00:00,89.69164666666667,14.241661666666667,0.2071666666666667
2021-08-31 06:00:00+00:00,83.84832833333333,15.475829166666665,0.22824999999999998
2021-08-31 07:00:00+00:00,74.05998583333333,17.864996666666666,0.35566666666666663
2021-08-31 08:00:00+00:00,54.01582083333333,22.935811666666666,0.13408333333333333
2021-08-31 09:00:00+00:00,48.929161666666666,25.069986666666665,0.26899999999999996
2021-08-31 10:00:00+00:00,46.15081333333333,25.3674875,0.1975
2021-08-31 11:00:00+00:00,43.934153333333335,27.03166166666667,0.205
2021-08-31 12:00:00+00:00,37.719995000000004,28.648326666666666,0.09349999999999999
2021-08-31 13:00:00+00:00,39.3541625,27.811651666666666,0.06641666666666667
2021-08-31 14:00:00+00:00,42.98249333333333,25.678327499999998,0.20074999999999998
2021-08-31 15:00:00+00:00,43.67907833333334,24.82666416666667,0.15541666666666668
2021-08-31 16:00:00+00:00,46.408245,23.52999,0.14966666666666664
2021-08-31 17:00:00+00:00,57.249162500000004,19.970828333333333,0.22633333333333336
2021-08-31 18:00:00+00:00,64.85082083333333,17.9333175,0.2861666666666667
2021-08-31 19:00:00+00:00,67.41915250000001,16.9958225,0.12066666666666666
2021-08-31 20:00:00+00:00,72.25332666666667,15.991661666666667,0.14791666666666667
2021-08-31 21:00:00+00:00,75.212997,15.281997999999998,0.284
2021-08-31 22:00:00+00:00,77.9245390909091,14.479988333333333,0.24308333333333332
2021-08-31 23:00:00+00:00,82.0290790909091,13.769992727272728,0.024416666666666666
2021-09-01 00:00:00+00:00,84.56165833333334,13.7624975,0.04883333333333333
2021-09-01 01:00:00+00:00,85.21082166666666,13.733329166666666,0.1255
2021-09-01 02:00:00+00:00,85.07582833333333,13.50416,0.2544166666666667
2021-09-01 03:00:00+00:00,86.31165416666666,13.35248,0.0305
2021-09-01 04:00:00+00:00,88.84331166666668,12.909993333333333,0.1845
2021-09-01 05:00:00+00:00,89.84499833333332,12.975810833333334,0.27158333333333334
2021-09-01 06:00:00+00:00,83.54332916666667,14.8874875,0.1725833333333333
2021-09-01 07:00:00+00:00,69.976645,18.182495833333334,0.16866666666666666
2021-09-01 08:00:00+00:00,56.460829999999994,21.644153333333335,0.18883333333333333
2021-09-01 09:00:00+00:00,50.41249416666667,23.78081333333333,0.11333333333333333
2021-09-01 10:00:00+00:00,46.769155000000005,25.3133275,0.23783333333333334
2021-09-01 11:00:00+00:00,43.73916333333333,26.680829166666665,0.17275
2021-09-01 12:00:00+00:00,35.9316625,28.96249416666667,0.13608333333333333
2021-09-01 13:00:00+00:00,36.884996666666666,29.1908275,0.19991666666666666
2021-09-01 14:00:00+00:00,37.462406666666666,28.456660833333334,0.247
2021-09-01 15:00:00+00:00,39.54583083333333,26.51832,0.15575
2021-09-01 16:00:00+00:00,38.8974925,24.970829166666665,0.16266666666666665
2021-09-01 17:00:00+00:00,46.0508225,21.304160833333334,0.09958333333333334
2021-09-01 18:00:00+00:00,49.805820000000004,19.258321666666667,0.17825
2021-09-01 19:00:00+00:00,53.69249583333333,18.09083083333333,0.36316666666666664
2021-09-01 20:00:00+00:00,57.84249500000001,17.31415416666667,0.21191666666666667
2021-09-01 21:00:00+00:00,59.404159166666666,16.929998333333334,0.13583333333333333
2021-09-01 22:00:00+00:00,65.28332999999999,16.118329166666665,0.19258333333333333
2021-09-01 23:00:00+00:00,71.48165333333334,15.236651666666667,0.16633333333333333
2021-09-02 00:00:00+00:00,74.66164833333333,14.5516625,0.2333333333333333
2021-09-02 01:00:00+00:00,81.22913833333332,13.581653333333334,0.12191666666666667
2021-09-02 02:00:00+00:00,85.09749416666666,12.789993333333333,0.10966666666666668
2021-09-02 03:00:00+00:00,87.43832250000001,12.192495833333334,0.19458333333333333
2021-09-02 04:00:00+00:00,90.16666249999999,11.431655,0.21658333333333335
2021-09-02 05:00:00+00:00,92.50165416666668,11.061659166666667,0.11141666666666666
2021-09-02 06:00:00+00:00,87.31248833333332,13.919153333333334,0.065
2021-09-02 07:00:00+00:00,65.95332333333333,18.756656666666668,0.21324999999999997
2021-09-02 08:00:00+00:00,49.347495,24.274996666666667,0.225
2021-09-02 09:00:00+00:00,47.30572,26.44416166666667,0.13549999999999998
2021-09-02 10:00:00+00:00,44.87582916666667,28.19582,0.22341666666666668
2021-09-02 11:00:00+00:00,45.30990583333334,29.469160833333333,0.15241666666666667
2021-09-02 12:00:00+00:00,37.509161666666664,31.887495833333332,0.12391666666666667
2021-09-02 13:00:00+00:00,36.914994166666666,33.58832916666667,0.13983333333333334
2021-09-02 14:00:00+00:00,37.56416,32.870828333333336,0.11975000000000001
2021-09-02 15:00:00+00:00,40.771660833333335,29.941662500000003,0.21083333333333332
2021-09-02 16:00:00+00:00,41.705820833333334,28.69416,0.12391666666666667
2021-09-02 17:00:00+00:00,49.432497500000004,23.720820833333335,0.18491666666666665
2021-09-02 18:00:00+00:00,57.23248833333333,21.211661666666668,0.34025
2021-09-02 19:00:00+00:00,61.16916166666667,19.82748666666667,0.11775000000000001
2021-09-02 20:00:00+00:00,62.55748,19.289986666666668,0.14225000000000002
2021-09-02 21:00:00+00:00,68.8141625,18.07582916666667,0.19599999999999998
2021-09-02 22:00:00+00:00,73.48832083333333,17.009163333333333,0.15175
2021-09-02 23:00:00+00:00,82.0483225,15.8324875,0.18258333333333332
2021-09-03 00:00:00+00:00,86.29248916666667,14.492495833333335,0.23525
2021-09-03 01:00:00+00:00,91.01416166666667,13.947488333333332,0.19258333333333333
2021-09-03 02:00:00+00:00,92.72249583333333,13.479994166666666,0.3060833333333333
2021-09-03 03:00:00+00:00,93.6683125,13.101654166666668,0.19275
2021-09-03 04:00:00+00:00,95.07249250000001,12.811660000000002,0.1625
2021-09-03 05:00:00+00:00,95.29832,13.109164166666666,0.2305
2021-09-03 06:00:00+00:00,88.363315,15.599161666666667,0.09341666666666666
2021-09-03 07:00:00+00:00,80.2716625,17.710820833333333,0.2070833333333333
2021-09-03 08:00:00+00:00,68.75581333333334,20.572489166666667,0.12966666666666668
2021-09-03 09:00:00+00:00,55.303329999999995,24.20832,0.19499999999999998
2021-09-03 10:00:00+00:00,49.404987500000004,26.997495833333332,0.13216666666666665
2021-09-03 11:00:00+00:00,50.0366575,28.2674775,0.22116666666666665
2021-09-03 12:00:00+00:00,43.34916333333334,33.16490583333333,0.1885
2021-09-03 13:00:00+00:00,42.51583,33.53998666666667,0.27458333333333335
2021-09-03 14:00:00+00:00,40.249995,33.003328333333336,0.2713333333333333
2021-09-03 15:00:00+00:00,45.27166333333333,31.332497500000002,0.19458333333333333
2021-09-03 16:00:00+00:00,56.1183275,27.310820833333334,0.16816666666666666
2021-09-03 17:00:00+00:00,56.43582166666667,23.02748916666667,0.13383333333333333
2021-09-03 18:00:00+00:00,68.06166166666667,20.098330833333332,0.24525
2021-09-03 19:00:00+00:00,76.56165333333333,18.36748833333333,0.24166666666666667
2021-09-03 20:00:00+00:00,83.74165333333333,17.419163333333334,0.22525000000000003
2021-09-03 21:00:00+00:00,85.82749583333333,16.899987499999998,0.17400000000000002
2021-09-03 22:00:00+00:00,88.68416166666667,16.581815454545453,0.2363333333333333
2021-09-03 23:00:00+00:00,88.82415250000001,16.836660833333333,0.07925
2021-09-04 00:00:00+00:00,86.28082166666667,16.325830833333335,0.22316666666666665
2021-09-04 01:00:00+00:00,88.87414416666667,15.15583,0.3110833333333333
2021-09-04 02:00:00+00:00,91.90999583333333,14.418326666666667,0.3666666666666667
2021-09-04 03:00:00+00:00,93.52916416666666,14.145823333333333,0.26275
2021-09-04 04:00:00+00:00,94.00748750000001,13.439993333333334,0.25166666666666665
2021-09-04 05:00:00+00:00,95.7441625,13.383328333333333,0.18691666666666665
2021-09-04 06:00:00+00:00,93.81248666666666,16.036660833333332,0.26716666666666666
2021-09-04 07:00:00+00:00,73.80249500000001,20.125820833333332,0.26899999999999996
2021-09-04 08:00:00+00:00,53.36499666666666,25.358326666666667,0.08533333333333333
2021-09-04 09:00:00+00:00,49.808329166666674,27.0974975,0.13816666666666666
2021-09-04 10:00:00+00:00,48.973330000000004,29.3283225,0.12783333333333333
2021-09-04 11:00:00+00:00,49.244163333333326,30.329994166666665,0.15616666666666665
2021-09-04 12:00:00+00:00,42.05499,33.19583,0.2528333333333333
2021-09-04 13:00:00+00:00,38.46498666666667,34.178329166666664,0.2514166666666667
2021-09-04 14:00:00+00:00,35.5383275,34.61916333333333,0.19849999999999998
2021-09-04 15:00:00+00:00,40.451661666666666,31.377494166666665,0.17066666666666666
2021-09-04 16:00:00+00:00,43.131663333333336,29.090803333333337,0.27166666666666667
2021-09-04 17:00:00+00:00,55.6008225,23.716660833333336,0.25966666666666666
2021-09-04 18:00:00+00:00,67.438315,21.093325833333335,0.33425
2021-09-04 19:00:00+00:00,76.84331833333333,19.13082,0.22791666666666666
2021-09-04 20:00:00+00:00,85.1749875,17.996653333333335,0.18816666666666668
2021-09-04 21:00:00+00:00,87.8016525,17.07748666666667,0.15983333333333336
2021-09-04 22:00:00+00:00,89.64749333333333,16.356653333333334,0.28099999999999997
2021-09-04 23:00:00+00:00,91.57999416666667,15.64166,0.16583333333333333
2021-09-05 00:00:00+00:00,92.63166083333334,15.044152500000001,0.15833333333333333
2021-09-05 01:00:00+00:00,92.9416625,14.429995454545455,0.20225
2021-09-05 02:00:00+00:00,94.384995,14.14249,0.09133333333333334
2021-09-05 03:00:00+00:00,94.54499583333335,13.67083,0.24616666666666664
2021-09-05 04:00:00+00:00,95.14499666666667,13.274161666666666,0.20733333333333334
2021-09-05 05:00:00+00:00,95.73666333333334,13.208325833333333,0.26716666666666666
2021-09-05 06:00:00+00:00,90.5291625,15.609163333333335,0.26666666666666666
2021-09-05 07:00:00+00:00,69.87998833333334,20.1474875,0.30141666666666667
2021-09-05 08:00:00+00:00,49.690828333333336,25.617495,0.19274999999999998
2021-09-05 09:00:00+00:00,50.22582833333333,27.730819999999998,0.1605
2021-09-05 10:00:00+00:00,48.17908166666667,29.485813333333336,0.14783333333333334
2021-09-05 11:00:00+00:00,49.60408,30.448328333333336,0.17841666666666667
2021-09-05 12:00:00+00:00,42.85489666666666,34.09665416666667,0.29133333333333333
2021-09-05 13:00:00+00:00,38.20666333333333,34.854998333333334,0.13308333333333333
2021-09-05 14:00:00+00:00,32.404985,35.286656666666666,0.09758333333333334
2021-09-05 15:00:00+00:00,45.5416625,30.699155833333336,0.1615
2021-09-05 16:00:00+00:00,58.00581333333333,27.065829166666663,0.2976666666666667
2021-09-05 17:00:00+00:00,60.49999666666667,24.209155,0.15791666666666668
2021-09-05 18:00:00+00:00,69.43582666666667,21.00583,0.2595
2021-09-05 19:00:00+00:00,77.24082083333333,19.225826666666666,0.23875
2021-09-05 20:00:00+00:00,83.25916083333334,18.22498583333333,0.17266666666666666
2021-09-05 21:00:00+00:00,85.44832833333334,17.288328333333336,0.21266666666666667
2021-09-05 22:00:00+00:00,89.31916000000001,16.45833083333333,0.2285
2021-09-05 23:00:00+00:00,91.52832916666667,16.1449875,0.2708333333333333
2021-09-06 00:00:00+00:00,92.22248833333333,15.484992499999999,0.134
2021-09-06 01:00:00+00:00,93.12582916666668,15.074988,0.3133333333333333
2021-09-06 02:00:00+00:00,94.17582,14.429160833333334,0.20625000000000002
2021-09-06 03:00:00+00:00,95.09165416666667,14.103313333333332,0.24716666666666667
2021-09-06 04:00:00+00:00,94.97915666666667,13.577495,0.12566666666666668
2021-09-06 05:00:00+00:00,95.72416333333332,13.48833,0.11783333333333335
2021-09-06 06:00:00+00:00,92.19248583333332,15.922495833333334,0.17983333333333332
2021-09-06 07:00:00+00:00,73.05832916666667,20.073310833333334,0.16366666666666665
2021-09-06 08:00:00+00:00,54.16748833333333,25.266650833333333,0.11925000000000001
2021-09-06 09:00:00+00:00,51.46573083333333,27.30083,0.10149999999999999
2021-09-06 10:00:00+00:00,45.28082,29.830827499999998,0.19099999999999998
2021-09-06 11:00:00+00:00,45.62832666666666,30.8866525,0.18016666666666667
2021-09-06 12:00:00+00:00,34.40583,36.4733125,0.15616666666666668
2021-09-06 13:00:00+00:00,32.98249416666667,38.229152500000005,0.13391666666666666
2021-09-06 14:00:00+00:00,35.6516625,35.5791475,0.16849999999999998
2021-09-06 15:00:00+00:00,40.33582083333334,32.36442363636364,0.22516666666666665
2021-09-06 16:00:00+00:00,43.3499975,30.604159999999997,0.12733333333333333
2021-09-06 17:00:00+00:00,52.55416333333333,25.59416166666667,0.13149999999999998
2021-09-06 18:00:00+00:00,56.503327500000005,22.144161666666665,0.122
2021-09-06 19:00:00+00:00,62.78998583333333,20.15333,0.19025
2021-09-06 20:00:00+00:00,70.05249500000001,19.112479166666667,0.24141666666666664
2021-09-06 21:00:00+00:00,75.38749666666666,17.899994166666666,0.13625
2021-09-06 22:00:00+00:00,81.31749666666667,16.755825833333333,0.13683333333333333
2021-09-06 23:00:00+00:00,84.61833,15.857499166666665,0.1115
2021-09-07 00:00:00+00:00,88.97166416666666,15.233621818181819,0.13791666666666666
2021-09-07 01:00:00+00:00,91.82248833333334,14.663329166666665,0.04466666666666667
2021-09-07 02:00:00+00:00,92.53749583333332,14.121663333333332,0.18958333333333333
2021-09-07 03:00:00+00:00,93.95498833333333,13.592499166666668,0.15441666666666667
2021-09-07 04:00:00+00:00,94.46916499999999,13.319161666666666,0.21941666666666668
2021-09-07 05:00:00+00:00,94.65832916666666,13.355798333333333,0.12158333333333333
2021-09-07 06:00:00+00:00,93.28916083333333,15.440828333333334,0.23324999999999999
2021-09-07 07:00:00+00:00,75.29665333333334,19.553329166666668,0.30316666666666664
2021-09-07 08:00:00+00:00,57.689997500000004,23.391660833333333,0.31375
2021-09-07 09:00:00+00:00,53.6066525,25.44333,0.214
2021-09-07 10:00:00+00:00,50.121662500000006,27.059164999999997,0.33408333333333334
2021-09-07 11:00:00+00:00,49.5457375,28.931638333333336,0.19458333333333333
2021-09-07 12:00:00+00:00,43.02165333333334,31.87333083333333,0.1365833333333333
2021-09-07 13:00:00+00:00,44.8183275,33.65832833333334,0.3
2021-09-07 14:00:00+00:00,46.361646666666665,32.72166166666667,0.3020833333333333
2021-09-07 15:00:00+00:00,48.760820833333334,31.781655,0.22916666666666666
2021-09-07 16:00:00+00:00,52.044154999999996,29.9083275,0.16333333333333333
2021-09-07 17:00:00+00:00,55.92581416666667,25.1466625,0.22083333333333333
2021-09-07 18:00:00+00:00,58.24907166666667,22.16582916666667,0.29375
2021-09-07 19:00:00+00:00,57.161660833333336,21.259165,0.16666666666666666
2021-09-07 20:00:00+00:00,60.5049875,20.304153333333335,0.21466666666666667
2021-09-07 21:00:00+00:00,59.81416416666667,19.609160833333334,0.31024999999999997
2021-09-07 22:00:00+00:00,65.6799875,18.656663333333334,0.23616666666666666
2021-09-07 23:00:00+00:00,75.0499875,17.536663333333333,0.10966666666666668
2021-09-08 00:00:00+00:00,80.25581166666667,16.419995,0.050166666666666665
2021-09-08 01:00:00+00:00,84.78332,15.586651666666667,0.30791666666666667
2021-09-08 02:00:00+00:00,88.66747833333334,14.633328333333333,0.15441666666666667
2021-09-08 03:00:00+00:00,91.23832666666668,14.118321666666667,0.13541666666666666
2021-09-08 04:00:00+00:00,92.53082916666666,13.607495833333333,0.07108333333333333
2021-09-08 05:00:00+00:00,94.10831166666667,13.578328333333333,0.19874999999999998
2021-09-08 06:00:00+00:00,91.5424875,15.947495000000002,0.27175
2021-09-08 07:00:00+00:00,73.90999416666666,19.5983175,0.132
2021-09-08 08:00:00+00:00,57.79998916666667,24.071655833333335,0.2040833333333333
2021-09-08 09:00:00+00:00,52.533320833333335,26.679996666666668,0.19108333333333336
2021-09-08 10:00:00+00:00,51.49916083333333,29.169160833333333,0.245
2021-09-08 11:00:00+00:00,50.229994166666664,29.109995833333333,0.11783333333333333
2021-09-08 12:00:00+00:00,41.15499833333333,31.89583,0.13008333333333333
2021-09-08 13:00:00+00:00,40.884998333333336,32.21832916666667,0.23091666666666666
2021-09-08 14:00:00+00:00,39.086662499999996,32.355826666666665,0.06291666666666666
2021-09-08 15:00:00+00:00,42.14748083333333,32.307404999999996,0.168
2021-09-08 16:00:00+00:00,45.83083083333333,31.249997500000003,0.20066666666666666
2021-09-08 17:00:00+00:00,60.719080000000005,25.369987272727272,0.08790909090909091
2021-09-08 18:00:00+00:00,68.36582750000001,21.918322500000002,0.16008333333333333
2021-09-08 19:00:00+00:00,75.19082916666666,20.354155000000002,0.15983333333333336
2021-09-08 20:00:00+00:00,80.8766625,19.979159166666665,0.11783333333333333
2021-09-08 21:00:00+00:00,83.17332833333333,19.880826666666668,0.10333333333333333
2021-09-08 22:00:00+00:00,81.49082166666666,19.1949875,0.2956666666666667
2021-09-08 23:00:00+00:00,83.16997833333333,18.064985833333335,0.213
2021-09-09 00:00:00+00:00,87.90331833333333,17.338328333333333,0.20666666666666667
2021-09-09 01:00:00+00:00,88.6724875,16.756664166666667,0.29991666666666666
2021-09-09 02:00:00+00:00,89.50998833333334,16.371655,0.14383333333333334
2021-09-09 03:00:00+00:00,92.0691625,15.932497500000002,0.18691666666666665
2021-09-09 04:00:00+00:00,92.64830333333333,15.66916,0.2005
2021-09-09 05:00:00+00:00,94.72666166666666,16.11082083333333,0.14558333333333331
2021-09-09 06:00:00+00:00,94.19998666666667,17.059165,0.18891666666666665
2021-09-09 07:00:00+00:00,87.96165500000001,18.264155,0.15633333333333332
2021-09-09 08:00:00+00:00,80.55332583333333,19.29083,0.144
2021-09-09 09:00:00+00:00,66.00165583333334,23.83416166666667,0.11183333333333333
2021-09-09 10:00:00+00:00,64.02083,24.044995,0.17783333333333332
2021-09-09 11:00:00+00:00,69.10330416666666,22.437494166666667,0.1885
2021-09-09 12:00:00+00:00,66.57416500000001,23.599986666666666,0.10766666666666667
2021-09-09 13:00:00+00:00,61.19332083333333,24.410831666666667,0.12983333333333333
2021-09-09 14:00:00+00:00,65.98331916666667,23.889152499999998,0.124
2021-09-09 15:00:00+00:00,64.01332833333333,24.144154166666667,0.23124999999999998
2021-09-09 16:00:00+00:00,70.437495,22.615830833333334,0.20758333333333334
2021-09-09 17:00:00+00:00,74.93999666666666,20.803330833333334,0.14833333333333334
2021-09-09 18:00:00+00:00,75.699155,19.254155,0.30775
2021-09-09 19:00:00+00:00,76.04082916666667,18.718328333333336,0.22858333333333333
2021-09-09 20:00:00+00:00,78.59833083333334,17.990827499999998,0.1605
2021-09-09 21:00:00+00:00,82.19748083333333,17.274161666666668,0.14425
2021-09-09 22:00:00+00:00,88.15665583333333,17.324994166666666,0.13616666666666666
2021-09-09 23:00:00+00:00,91.429995,17.255828333333334,0.14566666666666667
2021-09-10 00:00:00+00:00,89.21998666666667,17.057479166666667,0.11175
2021-09-10 01:00:00+00:00,90.61817636363637,16.51636,0.1370909090909091
2021-09-10 02:00:00+00:00,91.1766625,16.0716525,0.22316666666666665
2021-09-10 03:00:00+00:00,93.78582999999999,16.160820833333332,0.12541666666666665
2021-09-10 04:00:00+00:00,94.71166416666667,16.29833,0.20875
2021-09-10 05:00:00+00:00,94.45249666666666,16.311664166666667,0.221
2021-09-10 06:00:00+00:00,91.54749583333334,17.186660833333335,0.11583333333333334
2021-09-10 07:00:00+00:00,84.934155,18.680829166666665,0.23916666666666667
2021-09-10 08:00:00+00:00,68.53081916666667,22.315829166666663,0.253
2021-09-10 09:00:00+00:00,62.88666,24.626655833333334,0.47350000000000003
2021-09-10 10:00:00+00:00,64.197495,25.018329166666664,0.19991666666666666
2021-09-10 11:00:00+00:00,64.26158,24.729995000000002,0.13949999999999999
2021-09-10 12:00:00+00:00,66.63748916666667,23.343326666666666,0.19641666666666668
2021-09-10 13:00:00+00:00,68.74416166666667,22.389165000000002,0.20658333333333334
2021-09-10 14:00:00+00:00,69.21914666666667,21.896654166666668,0.15641666666666668
2021-09-10 15:00:00+00:00,75.89166416666667,20.197485833333335,0.1965
2021-09-10 16:00:00+00:00,76.6299975,19.234984999999998,0.15166666666666664
2021-09-10 17:00:00+00:00,78.56999333333333,18.775830833333334,0.16175
2021-09-10 18:00:00+00:00,82.73498083333332,17.827496666666665,0.17216666666666666
2021-09-10 19:00:00+00:00,85.719995,17.3999925,0.11583333333333333
2021-09-10 20:00:00+00:00,86.12415416666666,16.947485833333335,0.22299999999999998
2021-09-10 21:00:00+00:00,88.74332083333333,16.119161666666667,0.10116666666666667
2021-09-10 22:00:00+00:00,91.25832166666667,15.408329166666666,0.1885
2021-09-10 23:00:00+00:00,92.85832750000002,15.29833,0.09958333333333334
2021-09-11 00:00:00+00:00,94.296655,15.245829166666667,0.15783333333333335
2021-09-11 01:00:00+00:00,95.04582166666667,15.507494166666667,0.16841666666666666
2021-09-11 02:00:00+00:00,95.444995,15.771660833333334,0.19283333333333333
2021-09-11 03:00:00+00:00,93.24749333333334,15.087496666666667,0.16091666666666668
2021-09-11 04:00:00+00:00,93.78999666666668,14.4433225,0.23875
2021-09-11 05:00:00+00:00,94.66747916666667,13.94083,0.16583333333333333
2021-09-11 06:00:00+00:00,91.14249416666667,16.162496666666666,0.20274999999999999
2021-09-11 07:00:00+00:00,73.71998583333334,20.389989166666666,0.13983333333333334
2021-09-11 08:00:00+00:00,68.42331916666667,22.026659166666665,0.16208333333333333
2021-09-11 09:00:00+00:00,66.036655,23.790826666666664,0.18025
2021-09-11 10:00:00+00:00,59.912486666666666,26.128329166666663,0.18875
2021-09-11 11:00:00+00:00,57.02666,27.871663333333334,0.3360833333333333
2021-09-11 12:00:00+00:00,51.760729166666664,29.669995,0.14791666666666667
2021-09-11 13:00:00+00:00,44.227494166666666,31.209985833333334,0.10708333333333332
2021-09-11 14:00:00+00:00,43.082495,30.954995,0.085
2021-09-11 15:00:00+00:00,47.45832083333334,29.089160833333334,0.17466666666666666
2021-09-11 16:00:00+00:00,53.30582833333333,26.2141625,0.13949999999999999
2021-09-11 17:00:00+00:00,62.69915583333333,20.892495,0.10066666666666667
2021-09-11 18:00:00+00:00,66.43333,19.29083,0.11974999999999998
2021-09-11 19:00:00+00:00,69.2741625,18.947496666666666,0.18400000000000002
2021-09-11 20:00:00+00:00,69.33999666666666,18.074160833333334,0.07075
2021-09-11 21:00:00+00:00,72.7016625,17.219996666666667,0.18891666666666665
2021-09-11 22:00:00+00:00,79.12248833333334,16.64833,0.26308333333333334
2021-09-11 23:00:00+00:00,82.30832,15.993320833333334,0.262
2021-09-12 00:00:00+00:00,83.77748833333334,16.150805833333333,0.1645
2021-09-12 01:00:00+00:00,87.54497916666666,15.2033275,0.18341666666666667
2021-09-12 02:00:00+00:00,90.16828833333334,14.383329166666668,0.16858333333333334
2021-09-12 03:00:00+00:00,91.68916416666667,13.900831666666667,0.2574166666666667
2021-09-12 04:00:00+00:00,92.56748499999999,13.30666,0.152
2021-09-12 05:00:00+00:00,94.59081416666668,13.3558225,0.12391666666666667
2021-09-12 06:00:00+00:00,94.20332916666666,15.310819166666667,0.1991666666666667
2021-09-12 07:00:00+00:00,80.27498666666666,18.475823333333334,0.16216666666666665
2021-09-12 08:00:00+00:00,67.04499750000001,22.42665583333333,0.22675
2021-09-12 09:00:00+00:00,55.400820833333334,26.145817500000003,0.19899999999999998
2021-09-12 10:00:00+00:00,55.08582166666667,27.174161666666667,0.17408333333333334
2021-09-12 11:00:00+00:00,51.67082333333334,28.38249666666667,0.11175
2021-09-12 12:00:00+00:00,46.7999125,30.77082833333333,0.17066666666666666
2021-09-12 13:00:00+00:00,42.585995000000004,32.692996,0.2642
2021-09-12 14:00:00+00:00,42.937495000000006,32.41666,0.15175
2021-09-12 15:00:00+00:00,45.72832666666667,31.587479166666668,0.15208333333333332
2021-09-12 16:00:00+00:00,50.87583,27.853330833333334,0.14291666666666666
2021-09-12 17:00:00+00:00,64.72249666666667,22.45416333333333,0.19499999999999998
2021-09-12 18:00:00+00:00,71.01332166666667,20.1491525,0.15783333333333335
2021-09-12 19:00:00+00:00,75.87415416666667,18.9566525,0.20466666666666666
2021-09-12 20:00:00+00:00,81.46582833333333,18.080829166666668,0.14525
2021-09-12 21:00:00+00:00,84.88915916666667,17.420828333333333,0.24241666666666664
2021-09-12 22:00:00+00:00,86.96833166666666,16.839985000000002,0.23108333333333334
2021-09-12 23:00:00+00:00,88.89249333333333,16.028321666666667,0.204
2021-09-13 00:00:00+00:00,90.95082083333334,15.402495833333333,0.18033333333333335
2021-09-13 01:00:00+00:00,92.45249333333334,15.214994166666665,0.20775
2021-09-13 02:00:00+00:00,92.43248916666666,14.520826666666666,0.14775
2021-09-13 03:00:00+00:00,93.71583,14.066663333333333,0.14533333333333334
2021-09-13 04:00:00+00:00,95.17499666666667,13.818329166666667,0.28350000000000003
2021-09-13 05:00:00+00:00,95.14249666666667,13.699159166666668,0.3693333333333333
2021-09-13 06:00:00+00:00,94.81249666666668,15.2333275,0.17408333333333334
2021-09-13 07:00:00+00:00,79.99665416666666,18.807496666666665,0.2509166666666667
2021-09-13 08:00:00+00:00,67.00666166666667,22.43249,0.24508333333333332
2021-09-13 09:00:00+00:00,60.102495833333336,24.96333,0.20274999999999999
2021-09-13 10:00:00+00:00,56.23999666666666,26.13082833333333,0.14783333333333334
2021-09-13 11:00:00+00:00,51.26998833333334,28.277493333333336,0.28550000000000003
2021-09-13 12:00:00+00:00,44.612496666666665,31.282488333333333,0.20441666666666666
2021-09-13 13:00:00+00:00,42.829161666666664,32.26832916666667,0.20725000000000002
2021-09-13 14:00:00+00:00,45.963321666666666,31.695820833333332,0.19299999999999998
2021-09-13 15:00:00+00:00,46.58249166666667,32.4474875,0.19291666666666665
2021-09-13 16:00:00+00:00,53.4908225,29.0333275,0.08325
2021-09-13 17:00:00+00:00,65.02748666666666,24.133330833333332,0.12183333333333334
2021-09-13 18:00:00+00:00,66.55582166666666,21.298321666666666,0.19708333333333336
2021-09-13 19:00:00+00:00,71.93666333333333,19.689152500000002,0.23283333333333334
2021-09-13 20:00:00+00:00,76.70165666666666,18.58583,0.11583333333333333
2021-09-13 21:00:00+00:00,83.02416166666667,17.524161666666668,0.13925
2021-09-13 22:00:00+00:00,85.00726727272728,16.72725727272727,0.137
2021-09-13 23:00:00+00:00,87.95248666666667,16.25497916666667,0.13391666666666666
2021-09-14 00:00:00+00:00,89.1899725,15.847494166666666,0.2325
2021-09-14 01:00:00+00:00,89.32166416666666,15.385825833333334,0.1699166666666667
2021-09-14 02:00:00+00:00,90.71915333333334,14.931655833333332,0.20174999999999998
2021-09-14 03:00:00+00:00,92.9633275,14.673329166666667,0.17666666666666667
2021-09-14 04:00:00+00:00,92.50249583333334,14.397496666666667,0.18041666666666667
2021-09-14 05:00:00+00:00,93.09332916666666,14.309135833333334,0.19425
2021-09-14 06:00:00+00:00,94.46666,15.783322500000002,0.20099999999999998
2021-09-14 07:00:00+00:00,77.50249416666666,19.8424875,0.10558333333333332
2021-09-14 08:00:00+00:00,62.11832833333333,23.688325833333334,0.11358333333333333
2021-09-14 09:00:00+00:00,53.19999333333333,27.065830000000002,0.2383333333333333
2021-09-14 10:00:00+00:00,51.7591625,27.653319166666666,0.19208333333333336
2021-09-14 11:00:00+00:00,57.40824666666666,28.224155,0.29558333333333336
2021-09-14 12:00:00+00:00,60.02582666666667,27.2316525,0.19199999999999998
2021-09-14 13:00:00+00:00,67.37165333333333,25.72833,0.2045
2021-09-14 14:00:00+00:00,63.59581166666667,27.89583,0.35425
2021-09-14 15:00:00+00:00,64.91998583333334,28.99582,0.122
2021-09-14 16:00:00+00:00,71.13248833333334,27.181659166666666,0.21291666666666664
2021-09-14 17:00:00+00:00,77.01332916666667,24.114985833333336,0.2996666666666667
2021-09-14 18:00:00+00:00,82.89582,21.5583275,0.12591666666666665
2021-09-14 19:00:00+00:00,87.17332750000001,20.775829166666668,0.16033333333333333
2021-09-14 20:00:00+00:00,89.79665416666667,20.309986666666667,0.20274999999999999
2021-09-14 21:00:00+00:00,90.48249666666668,19.7791625,0.2315
2021-09-14 22:00:00+00:00,90.1108890909091,19.174530909090908,0.13263636363636364
2021-09-14 23:00:00+00:00,90.31498333333333,18.674165,0.25908333333333333
2021-09-15 00:00:00+00:00,92.51999666666667,18.423328333333334,0.2040833333333333
2021-09-15 01:00:00+00:00,93.89332083333333,18.223325833333334,0.12191666666666667
2021-09-15 02:00:00+00:00,94.55249500000001,18.25164,0.16125
2021-09-15 03:00:00+00:00,95.4224875,18.204157499999997,0.17808333333333334
2021-09-15 04:00:00+00:00,95.65832999999999,18.209996666666665,0.2555
2021-09-15 05:00:00+00:00,94.58749583333334,18.28914,0.24050000000000002
2021-09-15 06:00:00+00:00,95.05832249999999,18.501660833333332,0.21075
2021-09-15 07:00:00+00:00,94.46331416666668,19.293319999999998,0.18583333333333332
2021-09-15 08:00:00+00:00,91.85665666666667,20.134988333333336,0.11766666666666666
2021-09-15 09:00:00+00:00,86.92165666666666,22.17998083333333,0.11383333333333334
2021-09-15 10:00:00+00:00,77.8716625,23.741654999999998,0.13949999999999999
2021-09-15 11:00:00+00:00,79.27666333333333,23.426666666666666,0.13
2021-09-15 12:00:00+00:00,,,
2021-09-15 13:00:00+00:00,,,
2021-09-15 14:00:00+00:00,,,
2021-09-15 15:00:00+00:00,,,
2021-09-15 16:00:00+00:00,,,
2021-09-15 17:00:00+00:00,,,
2021-09-15 18:00:00+00:00,,,
2021-09-15 19:00:00+00:00,,,
2021-09-15 20:00:00+00:00,,,
2021-09-15 21:00:00+00:00,,,
2021-09-15 22:00:00+00:00,,,
2021-09-15 23:00:00+00:00,,,
2021-09-16 00:00:00+00:00,,,
2021-09-16 01:00:00+00:00,,,
2021-09-16 02:00:00+00:00,,,
2021-09-16 03:00:00+00:00,,,
2021-09-16 04:00:00+00:00,,,
2021-09-16 05:00:00+00:00,,,
2021-09-16 06:00:00+00:00,,,
2021-09-16 07:00:00+00:00,,,
2021-09-16 08:00:00+00:00,,,
2021-09-16 09:00:00+00:00,70.66713857142858,25.367135714285716,0.18085714285714286
2021-09-16 10:00:00+00:00,71.08832166666667,24.738321666666668,0.20425000000000001
2021-09-16 11:00:00+00:00,73.77332166666666,23.939989166666667,0.13008333333333333
2021-09-16 12:00:00+00:00,78.1016625,23.011664166666666,0.16383333333333333
2021-09-16 13:00:00+00:00,59.22833,29.124164166666663,0.1395833333333333
2021-09-16 14:00:00+00:00,64.30823916666667,27.211654166666666,0.22025000000000003
2021-09-16 15:00:00+00:00,69.97748666666666,24.2608275,0.18499999999999997
2021-09-16 16:00:00+00:00,69.38829583333334,24.456663333333335,0.23091666666666666
2021-09-16 17:00:00+00:00,80.75333,20.87083,0.2045
2021-09-16 18:00:00+00:00,88.22248916666666,19.030830833333336,0.17266666666666666
2021-09-16 19:00:00+00:00,87.37499583333334,18.202485833333334,0.26966666666666667
2021-09-16 20:00:00+00:00,83.18832916666666,17.738329166666666,0.12966666666666668
2021-09-16 21:00:00+00:00,86.85416333333335,17.66499333333333,0.22466666666666665
2021-09-16 22:00:00+00:00,90.12748833333335,16.71582916666667,0.22008333333333333
2021-09-16 23:00:00+00:00,93.35166,15.702496666666667,0.23274999999999998
2021-09-17 00:00:00+00:00,94.50415416666668,15.379161666666667,0.22141666666666668
2021-09-17 01:00:00+00:00,95.6374875,15.523330000000001,0.128
2021-09-17 02:00:00+00:00,94.49415750000001,15.290828333333332,0.17816666666666667
2021-09-17 03:00:00+00:00,87.93249583333333,15.524160833333333,0.15575
2021-09-17 04:00:00+00:00,88.472495,15.028326666666667,0.19666666666666666
2021-09-17 05:00:00+00:00,92.10580666666665,14.086661666666666,0.3114166666666667
2021-09-17 06:00:00+00:00,90.00333,14.973327500000002,0.22858333333333333
2021-09-17 07:00:00+00:00,84.811665,16.609156666666667,0.1679166666666667
2021-09-17 08:00:00+00:00,79.79748916666667,17.89583,0.23258333333333334
2021-09-17 09:00:00+00:00,68.09832916666666,21.197495,0.23583333333333334
2021-09-17 10:00:00+00:00,57.38332833333333,25.184996666666667,0.24233333333333332
2021-09-17 11:00:00+00:00,55.38832,26.383303333333334,0.17866666666666667
2021-09-17 12:00:00+00:00,49.73406500000001,29.16082833333333,0.23875000000000002
2021-09-17 13:00:00+00:00,41.106653333333334,31.481655,0.19458333333333333
2021-09-17 14:00:00+00:00,45.546654999999994,28.9891475,0.30724999999999997
2021-09-17 15:00:00+00:00,47.02237,28.1649925,0.37424999999999997
2021-09-17 16:00:00+00:00,61.355709999999995,21.798571428571428,0.2611428571428571
2021-09-17 17:00:00+00:00,67.4408275,19.59749,0.21875
2021-09-17 18:00:00+00:00,74.52332,17.67833166666667,0.3076666666666667
2021-09-17 19:00:00+00:00,76.41582666666666,16.785828333333335,0.19291666666666665
2021-09-17 20:00:00+00:00,78.0116375,16.124988333333334,0.15758333333333333
2021-09-17 21:00:00+00:00,78.73332833333333,15.51082,0.31808333333333333
2021-09-17 22:00:00+00:00,83.04582583333334,14.432495833333334,0.235
2021-09-17 23:00:00+00:00,86.56498666666666,13.7566625,0.1885
2021-09-18 00:00:00+00:00,90.16749583333335,13.050831666666667,0.156
2021-09-18 01:00:00+00:00,90.72832166666666,12.710830000000001,0.17775
2021-09-18 02:00:00+00:00,91.78165333333334,12.154156666666667,0.0745
2021-09-18 03:00:00+00:00,92.36833,11.444996666666666,0.14433333333333334
2021-09-18 04:00:00+00:00,93.744995,11.224155000000001,0.19466666666666665
2021-09-18 05:00:00+00:00,94.81416416666667,10.890830833333332,0.17008333333333334
2021-09-18 06:00:00+00:00,95.12499000000001,12.3941625,0.23191666666666666
2021-09-18 07:00:00+00:00,81.0341625,16.154995,0.18633333333333332
2021-09-18 08:00:00+00:00,68.4633125,19.519163333333335,0.19041666666666668
2021-09-18 09:00:00+00:00,59.69748583333333,22.304991666666666,0.15375
2021-09-18 10:00:00+00:00,54.0324925,25.930814166666668,0.10091666666666665
2021-09-18 11:00:00+00:00,51.89332916666667,26.74249,0.17158333333333334
2021-09-18 12:00:00+00:00,47.164155,28.455821666666665,0.20675
2021-09-18 13:00:00+00:00,41.878328333333336,30.818317500000003,0.17633333333333334
2021-09-18 14:00:00+00:00,47.67741,28.8924975,0.2675
2021-09-18 15:00:00+00:00,52.59999583333333,26.858320833333334,0.2060833333333333
2021-09-18 16:00:00+00:00,58.60407333333333,22.72832083333333,0.13825
2021-09-18 17:00:00+00:00,69.72665166666667,19.795820000000003,0.23808333333333334
2021-09-18 18:00:00+00:00,74.121655,18.086661666666668,0.15816666666666668
2021-09-18 19:00:00+00:00,73.58582333333334,17.409988333333335,0.12125000000000001
2021-09-18 20:00:00+00:00,75.52998583333333,16.665829166666665,0.17833333333333334
2021-09-18 21:00:00+00:00,77.02082083333333,15.864155000000002,0.22883333333333333
2021-09-18 22:00:00+00:00,78.5291525,15.085829166666668,0.19433333333333333
2021-09-18 23:00:00+00:00,80.60083,14.49333,0.23925
2021-09-19 00:00:00+00:00,85.069995,14.217489166666667,0.2373333333333333
2021-09-19 01:00:00+00:00,88.3966625,13.8191625,0.13016666666666665
2021-09-19 02:00:00+00:00,88.82832166666667,14.329985,0.11975000000000001
2021-09-19 03:00:00+00:00,89.52914416666668,14.887493333333333,0.206
2021-09-19 04:00:00+00:00,91.41999333333332,14.765830000000001,0.18233333333333332
2021-09-19 05:00:00+00:00,93.50997083333334,14.393326666666667,0.21675
2021-09-19 06:00:00+00:00,93.95915416666666,14.449163333333333,0.22916666666666666
2021-09-19 07:00:00+00:00,92.2349975,14.559996666666668,0.18683333333333332
2021-09-19 08:00:00+00:00,91.272495,14.794163333333332,0.16974999999999998
2021-09-19 09:00:00+00:00,89.0283275,14.754163333333333,0.2715
2021-09-19 10:00:00+00:00,88.214155,14.917495,0.28675
2021-09-19 11:00:00+00:00,86.6341475,14.694995,0.12
2021-09-19 12:00:00+00:00,85.75833,15.428329166666666,0.15108333333333332
2021-09-19 13:00:00+00:00,79.96081083333333,18.21249583333333,0.2645
2021-09-19 14:00:00+00:00,75.41415083333334,18.689152500000002,0.10566666666666667
2021-09-19 15:00:00+00:00,73.53832583333333,18.123326666666667,0.2085
2021-09-19 16:00:00+00:00,79.46582916666667,16.937496666666664,0.10158333333333334
2021-09-19 17:00:00+00:00,87.59666416666666,14.8183225,0.19899999999999998
2021-09-19 18:00:00+00:00,92.56083000000001,13.344154166666668,0.2880833333333333
2021-09-19 19:00:00+00:00,92.98998833333333,12.675829166666666,0.18208333333333335
2021-09-19 20:00:00+00:00,94.16331833333334,12.687495833333335,0.17833333333333334
2021-09-19 21:00:00+00:00,94.70415416666667,12.481665,0.1748333333333333
2021-09-19 22:00:00+00:00,95.1158225,12.704995833333333,0.16258333333333333
2021-09-19 23:00:00+00:00,95.19997833333333,12.7349975,0.1865
2021-09-20 00:00:00+00:00,94.89165416666667,12.554996666666668,0.1665
2021-09-20 01:00:00+00:00,95.38998500000001,12.707495833333333,0.15783333333333335
2021-09-20 02:00:00+00:00,95.5816625,12.995821666666666,0.15641666666666668
2021-09-20 03:00:00+00:00,95.72249583333333,12.874994166666667,0.23508333333333334
2021-09-20 04:00:00+00:00,95.67083083333334,12.959165,0.13825
2021-09-20 05:00:00+00:00,94.19916166666667,12.985819999999999,0.18499999999999997
2021-09-20 06:00:00+00:00,94.24833000000001,13.453328333333333,0.25716666666666665
2021-09-20 07:00:00+00:00,91.86749416666667,14.9349875,0.26308333333333334
2021-09-20 08:00:00+00:00,87.70749583333334,16.184985833333332,0.17791666666666664
2021-09-20 09:00:00+00:00,85.79749416666668,17.586660833333333,0.37775
2021-09-20 10:00:00+00:00,73.94914583333333,21.3874975,0.15616666666666665
2021-09-20 11:00:00+00:00,68.28666083333333,23.206638333333334,0.285
2021-09-20 12:00:00+00:00,68.82332666666666,23.194961666666668,0.11925000000000001
2021-09-20 13:00:00+00:00,69.37999583333334,22.816640000000003,0.15791666666666668
2021-09-20 14:00:00+00:00,77.93583083333333,20.3341625,0.23725
2021-09-20 15:00:00+00:00,82.18748666666667,19.229988333333335,0.16616666666666666
2021-09-20 16:00:00+00:00,86.34582999999999,17.440830000000002,0.126
2021-09-20 17:00:00+00:00,89.53748833333333,15.628329166666667,0.2008333333333333
2021-09-20 18:00:00+00:00,91.41499416666666,14.249988333333334,0.20891666666666667
2021-09-20 19:00:00+00:00,92.95415333333334,13.727494166666666,0.19291666666666665
2021-09-20 20:00:00+00:00,93.50166250000001,13.355826666666667,0.18816666666666668
2021-09-20 21:00:00+00:00,94.52082166666668,12.861656666666667,0.18825
2021-09-20 22:00:00+00:00,94.60082333333332,12.800828333333333,0.26116666666666666
2021-09-20 23:00:00+00:00,93.36083,11.873632727272728,0.12358333333333334
2021-09-21 00:00:00+00:00,94.45415583333333,11.304154166666669,0.2031666666666667
2021-09-21 01:00:00+00:00,94.77664583333335,10.611660833333334,0.08941666666666666
2021-09-21 02:00:00+00:00,97.236655,10.787495833333333,0.19216666666666668
2021-09-21 03:00:00+00:00,97.99665499999999,11.349161666666667,0.1748333333333333
2021-09-21 04:00:00+00:00,98.3291375,11.714995,0.24466666666666667
2021-09-21 05:00:00+00:00,97.64916333333333,11.37083,0.19566666666666666
2021-09-21 06:00:00+00:00,97.1233275,12.149994999999999,0.17033333333333334
2021-09-21 07:00:00+00:00,90.01166083333334,14.706654166666667,0.12558333333333335
2021-09-21 08:00:00+00:00,75.11832916666667,19.6274875,0.2025
2021-09-21 09:00:00+00:00,58.94497916666666,25.065812500000003,0.20258333333333334
2021-09-21 10:00:00+00:00,48.92157916666667,25.4366625,0.10941666666666666
2021-09-21 11:00:00+00:00,42.68249583333333,24.98916,0.24291666666666667
2021-09-21 12:00:00+00:00,43.15491166666666,25.08332916666667,0.14408333333333334
2021-09-21 13:00:00+00:00,38.69332833333333,26.554996666666668,0.20475
2021-09-21 14:00:00+00:00,44.02666333333334,24.146655,0.1175
2021-09-21 15:00:00+00:00,44.81082833333334,22.87083,0.35916666666666663
2021-09-21 16:00:00+00:00,54.920829166666664,19.099155833333334,0.21083333333333332
2021-09-21 17:00:00+00:00,66.107495,16.309160000000002,0.2515
2021-09-21 18:00:00+00:00,76.22082083333333,14.613327499999999,0.14775
2021-09-21 19:00:00+00:00,78.9741475,14.228329166666667,0.21691666666666665
2021-09-21 20:00:00+00:00,83.1583275,13.4291475,0.22816666666666666
2021-09-21 21:00:00+00:00,84.59998916666667,13.131638333333333,0.15816666666666668
2021-09-21 22:00:00+00:00,83.64165333333334,12.741661666666667,0.23891666666666667
2021-09-21 23:00:00+00:00,84.03998750000001,12.358329166666666,0.19258333333333333
2021-09-22 00:00:00+00:00,85.37165666666668,11.912490833333335,0.16591666666666666
2021-09-22 01:00:00+00:00,87.99998666666666,11.112495833333334,0.17425
2021-09-22 02:00:00+00:00,87.58498583333333,10.704994166666667,0.20616666666666664
2021-09-22 03:00:00+00:00,90.34414666666667,10.131654166666667,0.17616666666666667
2021-09-22 04:00:00+00:00,91.89414583333333,9.566653333333333,0.13991666666666666
2021-09-22 05:00:00+00:00,92.89083,9.002486666666668,0.19233333333333333
2021-09-22 06:00:00+00:00,91.30497916666667,10.059162500000001,0.14991666666666667
2021-09-22 07:00:00+00:00,88.15164666666668,11.603329166666667,0.18991666666666665
2021-09-22 08:00:00+00:00,74.8916625,15.356663333333335,0.28591666666666665
2021-09-22 09:00:00+00:00,64.50832,18.368329166666665,0.21875
2021-09-22 10:00:00+00:00,62.12249583333334,19.928329166666668,0.217
2021-09-22 11:00:00+00:00,48.22915333333333,23.721661666666666,0.29375
2021-09-22 12:00:00+00:00,46.939997500000004,24.024164166666665,0.10266666666666667
2021-09-22 13:00:00+00:00,41.68832333333334,24.975827499999998,0.21083333333333332
2021-09-22 14:00:00+00:00,47.93332833333333,22.7383275,0.13816666666666666
2021-09-22 15:00:00+00:00,49.80416333333333,21.58332083333333,0.14825
2021-09-22 16:00:00+00:00,57.544160833333336,18.026653333333332,0.24933333333333332
2021-09-22 17:00:00+00:00,62.0791625,16.0508225,0.18416666666666667
2021-09-22 18:00:00+00:00,65.32165583333334,14.997489166666666,0.16158333333333333
2021-09-22 19:00:00+00:00,69.41582916666667,13.955819166666666,0.13983333333333334
2021-09-22 20:00:00+00:00,72.10582000000001,13.256655,0.1195
2021-09-22 21:00:00+00:00,73.88166333333334,12.890830833333332,0.2305
2021-09-22 22:00:00+00:00,78.11833166666666,12.444155,0.2811666666666667
2021-09-22 23:00:00+00:00,83.09081166666667,11.53832,0.19308333333333336
2021-09-23 00:00:00+00:00,86.491655,10.574161666666667,0.24749999999999997
2021-09-23 01:00:00+00:00,89.94082833333334,9.973315,0.11175
2021-09-23 02:00:00+00:00,92.49164416666667,9.465820833333334,0.19908333333333336
2021-09-23 03:00:00+00:00,93.97665916666666,8.946660833333334,0.24333333333333332
2021-09-23 04:00:00+00:00,94.96083083333333,9.011660000000001,0.154
2021-09-23 05:00:00+00:00,95.47748583333333,9.621662500000001,0.20766666666666667
2021-09-23 06:00:00+00:00,93.22747833333334,10.360829166666667,0.17808333333333334
2021-09-23 07:00:00+00:00,87.60833000000001,12.4424975,0.20383333333333334
2021-09-23 08:00:00+00:00,75.92082833333335,15.149995833333334,0.22691666666666666
2021-09-23 09:00:00+00:00,63.79832083333333,18.867494166666667,0.18058333333333332
2021-09-23 10:00:00+00:00,53.85832,22.4541475,0.21041666666666667
2021-09-23 11:00:00+00:00,48.48991083333333,25.177495000000004,0.2765
2021-09-23 12:00:00+00:00,49.13249,26.522495000000003,0.18425
2021-09-23 13:00:00+00:00,43.24832083333334,30.248328333333333,0.11583333333333333
2021-09-23 14:00:00+00:00,49.11248916666667,27.632478333333335,0.09349999999999999
2021-09-23 15:00:00+00:00,53.41582833333334,26.279161666666667,0.2051666666666667
2021-09-23 16:00:00+00:00,69.85748916666667,21.05165416666667,0.22183333333333333
2021-09-23 17:00:00+00:00,81.75332166666666,17.82999583333333,0.22508333333333333
2021-09-23 18:00:00+00:00,85.65498833333334,16.604988333333335,0.16658333333333333
2021-09-23 19:00:00+00:00,88.929995,15.439995000000001,0.18008333333333335
2021-09-23 20:00:00+00:00,91.55998,14.748330833333334,0.213
2021-09-23 21:00:00+00:00,93.8508275,14.252485833333333,0.19499999999999998
2021-09-23 22:00:00+00:00,93.35413999999999,13.619994166666666,0.12525
2021-09-23 23:00:00+00:00,93.361665,13.062494166666667,0.14158333333333334
2021-09-24 00:00:00+00:00,94.21498916666667,12.459161666666667,0.20475
2021-09-24 01:00:00+00:00,94.6191475,11.924988333333333,0.07525
2021-09-24 02:00:00+00:00,95.53082916666666,11.374995,0.12766666666666668
2021-09-24 03:00:00+00:00,96.80749583333333,11.339165,0.156
2021-09-24 04:00:00+00:00,97.38581750000002,11.682496666666667,0.26366666666666666
2021-09-24 05:00:00+00:00,97.34249583333333,11.842495,0.2085
2021-09-24 06:00:00+00:00,96.572495,12.702495833333332,0.17608333333333334
2021-09-24 07:00:00+00:00,92.95498083333332,13.890820833333335,0.21091666666666664
2021-09-24 08:00:00+00:00,85.99833083333334,16.2233275,0.13616666666666666
2021-09-24 09:00:00+00:00,61.69665416666666,22.21749416666667,0.08333333333333333
2021-09-24 10:00:00+00:00,57.284995,23.768320000000003,0.13341666666666666
2021-09-24 11:00:00+00:00,49.449995,26.306646666666666,0.21133333333333335
